{"cameraMode":{"drawMode":0,"name":"Shaded","section":"Shading Mode"},"sceneLighting":false,"audioPlay":false,"sceneViewState":{"m_AlwaysRefresh":false,"showFog":true,"showSkybox":false,"showFlares":true,"showImageEffects":true,"showParticleSystems":true,"showVisualEffectGraphs":true,"m_FxEnabled":true},"in2DMode":false,"pivot":{"x":0.42165422439575198,"y":-0.10004162788391113,"z":1.9955036640167237},"rotation":{"x":-0.36162635684013369,"y":-0.5495209097862244,"z":0.2847006320953369,"w":-0.6974858641624451},"size":1.417945146560669,"orthographic":false}