{"cameraMode":{"drawMode":0,"name":"Shaded","section":"Shading Mode"},"sceneLighting":false,"audioPlay":false,"sceneViewState":{"m_AlwaysRefresh":false,"showFog":true,"showSkybox":false,"showFlares":true,"showImageEffects":true,"showParticleSystems":true,"showVisualEffectGraphs":true,"m_FxEnabled":true},"in2DMode":false,"pivot":{"x":-3.2454004287719728,"y":0.2985028624534607,"z":-0.022094786167144777},"rotation":{"x":-0.2569836378097534,"y":-0.4492911994457245,"z":0.1364704668521881,"w":-0.8448401689529419},"size":0.8660253882408142,"orthographic":false}