{"cameraMode":{"drawMode":0,"name":"Shaded","section":"Shading Mode"},"sceneLighting":false,"audioPlay":false,"sceneViewState":{"m_AlwaysRefresh":false,"showFog":true,"showSkybox":false,"showFlares":true,"showImageEffects":true,"showParticleSystems":true,"showVisualEffectGraphs":true,"m_FxEnabled":true},"in2DMode":false,"pivot":{"x":-0.02499997615814209,"y":0.2750000059604645,"z":0.025000005960464479},"rotation":{"x":-0.0028998320922255518,"y":-0.9755049347877502,"z":0.21957547962665559,"w":-0.012880844064056874},"size":0.6941721439361572,"orthographic":false}