{"cameraMode":{"drawMode":0,"name":"Shaded","section":"Shading Mode"},"sceneLighting":false,"audioPlay":false,"sceneViewState":{"m_AlwaysRefresh":false,"showFog":true,"showSkybox":true,"showFlares":true,"showImageEffects":true,"showParticleSystems":true,"showVisualEffectGraphs":true,"m_FxEnabled":true},"in2DMode":false,"pivot":{"x":29.748348236083986,"y":-19.805782318115236,"z":14.002975463867188},"rotation":{"x":0.25062358379364016,"y":0.4845403730869293,"z":-0.14718258380889893,"w":0.8250849843025208},"size":23.30704116821289,"orthographic":false}