{"cameraMode":{"drawMode":0,"name":"Shaded","section":"Shading Mode"},"sceneLighting":false,"audioPlay":false,"sceneViewState":{"m_AlwaysRefresh":false,"showFog":true,"showSkybox":false,"showFlares":true,"showImageEffects":true,"showParticleSystems":true,"showVisualEffectGraphs":true,"m_FxEnabled":true},"in2DMode":false,"pivot":{"x":-0.02499997615814209,"y":-0.22499999403953553,"z":0.025000005960464479},"rotation":{"x":0.39905962347984316,"y":0.5978320837020874,"z":-0.45062223076820376,"w":0.5294377207756043},"size":0.6941721439361572,"orthographic":false}