{"cameraMode":{"drawMode":0,"name":"Shaded","section":"Shading Mode"},"sceneLighting":false,"audioPlay":false,"sceneViewState":{"m_AlwaysRefresh":false,"showFog":true,"showSkybox":false,"showFlares":true,"showImageEffects":true,"showParticleSystems":true,"showVisualEffectGraphs":true,"m_FxEnabled":true},"in2DMode":false,"pivot":{"x":0.119999960064888,"y":0.019999980926513673,"z":-5.960464477539063e-8},"rotation":{"x":0.1994152069091797,"y":0.047606147825717929,"z":-0.009700551629066468,"w":0.9787236452102661},"size":0.8419027328491211,"orthographic":false}