{"cameraMode":{"drawMode":0,"name":"Shaded","section":"Shading Mode"},"sceneLighting":false,"audioPlay":false,"sceneViewState":{"m_AlwaysRefresh":false,"showFog":true,"showSkybox":false,"showFlares":true,"showImageEffects":true,"showParticleSystems":true,"showVisualEffectGraphs":true,"m_FxEnabled":true},"in2DMode":false,"pivot":{"x":-0.04999995231628418,"y":-0.050000011920928958,"z":-0.050000011920928958},"rotation":{"x":0.10270869731903076,"y":0.49176549911499026,"z":-0.05854589864611626,"w":0.8626760244369507},"size":1.0618380308151246,"orthographic":false}